RIDGE,PUB,CRACK,WEIGHT,DENSITY,binaryClass
-2.1979,-3.9817,9.9659,3.7582,2.0972,1
2.3776,5.745,7.2134,-1.2694,-0.204,1
-3.2855,-2.3849,-3.3869,2.6926,2.8805,1
-13.2144,-5.4691,-5.2532,23.3209,0.0117,1
11.3521,8.0633,0.2145,-16.5388,-1.0137,1
-6.1367,-5.7709,-1.4228,2.2206,1.6085,1
6.7928,-0.9839,6.8792,-4.2664,-6.32,1
3.5159,-5.5555,-6.4753,-4.8863,0.1276,1
12.1944,-2.034,-7.2801,-11.433,-3.7397,1
3.9933,-4.9983,2.6909,-1.2378,-2.947,1
14.4386,-1.1358,-16.4556,-26.097,-3.3355,1
-12.1977,-0.2688,8.325,22.82,-0.8151,1
1.6264,-3.8508,-7.2964,-0.1052,-2.2636,1
11.808,10.512,-5.5938,-19.3524,0.2101,1
-9.0324,1.7332,2.5572,12.2234,0.8179,1
-3.0926,-0.181,-10.055,2.976,-1.2486,1
-6.7378,-3.1382,9.9585,15.2064,-1.3005,1
-2.6271,-7.9166,1.0683,3.8007,0.3215,1
-6.4078,0.3267,-11.9227,4.2909,3.8755,1
6.1505,4.1691,6.6507,-4.4359,-5.8172,1
9.7128,3.0078,-5.3666,-13.4097,-0.7273,1
-1.4911,-0.7073,0.2577,-0.4026,1.9635,1
0.1778,0.4946,-0.3995,1.1246,-0.1733,1
-3.5593,4.1548,7.2153,3.5303,2.6838,1
14.0662,11.324,1.6413,-17.2475,-3.2715,1
3.6336,-0.6732,11.957,-4.4789,-2.4563,1
3.1922,0.3145,1.8301,-4.8854,-3.7074,1
-7.0772,-6.5276,0.6998,5.4075,1.2897,1
13.9671,4.118,-13.0926,-21.3159,-2.1861,1
-0.8656,5.4375,-5.3249,1.1501,0.8828,1
3.1904,5.6867,-3.5302,-11.6222,3.2448,1
4.1411,-7.2863,3.1731,-3.0985,-3.3339,1
11.8857,0.2922,-9.0872,-11.6738,-6.4077,1
12.1528,4.5295,-1.9345,-20.1845,-0.0117,1
-3.7984,-2.3325,1.5113,6.6752,-2.0463,1
0.2711,0.9333,-0.5977,1.3826,-1.1995,1
6.1718,9.1297,8.6109,-4.4124,-1.3769,1
5.9062,5.9986,-4.0784,-9.0514,-2.6543,1
3.0082,-5.0975,-2.3145,-1.0784,-4.1399,1
-2.245,-0.1007,4.0459,-0.6481,2.2341,1
-7.9837,-3.3528,15.593,9.3609,0.1357,1
-3.5032,1.3033,-6.8548,-2.1165,4.9681,1
0.0207,-7.3566,-10.2865,-0.9522,-1.8248,1
8.9849,3.1039,9.1085,-7.1798,-4.0276,1
1.0709,12.18,6.5475,0.6161,2.8743,1
-8.0259,0.0175,6.6254,10.6989,4.8666,1
-2.9382,11.9933,1.5306,10.8555,0.054,1
-4.0516,-1.2875,-5.1014,5.1573,1.4682,1
-2.6156,6.1391,-10.5488,1.2245,2.5671,1
6.7382,0.9699,30.3178,1.1893,-5.4721,1
-4.2979,1.3176,-1.4178,0.1741,6.0918,1
-7.07,9.0683,-1.63,6.5128,6.349,1
1.4713,-10.6658,-7.7513,3.1461,-3.4581,1
3.0976,5.4185,-15.371,-12.1309,2.0202,1
2.5314,-4.8844,2.366,1.5162,-3.7837,1
0.4208,0.8554,-0.5759,1.4333,-0.9378,1
12.3813,-0.7039,6.4976,-15.8671,-5.1594,1
3.6415,7.2892,4.9042,-11.5836,2.8968,1
-9.1973,4.2178,-5.0052,1.7159,6.5938,1
5.7879,-2.4249,6.0849,2.4073,-7.2104,1
1.6745,1.0029,-9.4885,-3.9034,-1.872,1
4.0077,-5.1196,-5.6019,-12.7672,-1.0293,1
8.4467,3.6489,4.4991,-5.9176,-4.1054,1
-5.3568,-5.7532,6.151,6.8022,1.5575,1
8.4872,6.7558,-15.467,-12.1663,0.2156,1
-1.4306,-8.1402,5.5374,7.575,-4.726,1
-3.8975,-5.292,-4.8994,7.9114,0.1819,1
6.6652,-7.0117,-8.653,-8.74,-5.2633,1
-4.4978,2.1476,15.1877,12.9044,0.5261,1
1.055,-1.9507,-3.504,-0.2741,-0.6031,1
-2.3766,-3.8003,4.3293,10.1326,-3.2449,1
9.6482,11.2497,3.6486,-18.2151,2.4619,1
2.8838,1.5938,6.0071,-4.342,-1.4964,1
-3.6566,-7.1341,-2.1467,11.6265,-2.0309,1
3.2701,-2.6513,-2.136,-2.6306,-0.7544,1
1.874,-0.2551,4.0951,-5.9504,0.548,1
8.7349,-5.3767,4.0413,-5.4214,-6.1512,1
3.1068,-2.8374,-9.7923,-10.9583,0.737,1
6.6045,-2.5744,15.0759,-8.2921,-2.5016,1
7.7125,3.6616,-1.1828,-13.2627,0.2051,1
5.4496,-0.0974,-4.083,-12.2195,-1.5909,1
5.1783,-1.2562,-0.7318,-8.6655,-1.8456,1
-0.1676,-7.0411,-3.3011,2.1685,-1.9596,1
-12.8234,1.6206,-7.2006,17.6196,4.6088,1
4.1428,-1.636,8.334,0.4458,-4.9509,1
-0.4408,9.0111,-11.2947,-5.4825,4.0565,1
-4.5906,-1.2868,3.6038,8.3607,-0.3414,1
10.7387,-5.6428,-4.6106,-8.1245,-7.08,1
7.7464,-0.7477,-3.8802,-12.5976,-1.3267,1
-3.8394,3.5856,5.2975,10.4762,1.213,1
-0.3179,0.5091,-0.3657,0.8436,-0.4453,1
2.6513,5.1599,2.0975,-9.2208,2.6817,1
-4.8554,-3.1487,6.548,4.5215,1.9438,1
6.4684,0.4969,-18.573,-14.8896,1.757,1
-10.6232,-1.0584,5.6892,13.0283,3.4692,1
-12.3796,-12.829,0.2953,26.3079,-0.7954,1
6.9155,6.0717,-6.3295,-7.0437,-0.0836,1
-13.7007,-5.62,-2.0923,17.3577,3.7234,1
-7.7797,-2.1004,-9.4324,3.9395,5.2156,1
-0.7933,1.2562,-8.9618,-2.6454,0.2147,1
2.4262,0.9235,-14.132,-6.3572,0.5381,1
3.1328,9.382,-2.2932,-11.0118,3.7658,1
5.6884,4.1142,5.0948,-10.314,-0.5383,1
-0.4675,4.3456,14.7122,6.0515,-3.2802,1
-12.9827,-0.8128,3.5488,13.1574,4.6272,1
2.0577,1.1673,12.7288,-0.0222,-1.1564,1
10.7475,9.5315,-3.1215,-15.3355,-2.0304,1
-2.9029,-4.5619,-11.3752,1.8291,-0.586,1
4.2234,-4.0912,9.6351,-3.0392,-3.9945,1
6.7573,-0.7334,-7.4429,-14.8387,1.2456,1
-10.7734,-10.0196,15.7519,16.1017,-1.0834,1
6.1201,-2.4649,5.2927,-5.2342,-4.326,1
-3.7486,0.0438,-3.1402,10.8699,-0.2599,1
3.5354,5.9239,-11.2709,-3.3544,-0.3355,1
10.3339,-0.5889,-5.9332,-13.5797,-4.3333,1
-0.6665,-7.3414,8.0996,3.21,-1.7581,1
-6.1499,8.35,-4.0347,0.9435,6.1901,1
1.1853,5.0378,-2.995,3.6874,-1.3319,1
-7.624,-0.8399,18.475,15.6426,0.4265,1
-4.1943,-1.2765,5.8804,6.0519,2.4198,1
2.3899,5.9678,-5.4965,-7.7987,0.9256,1
2.822,-4.527,-18.8477,-8.2411,1.0723,1
-1.1328,-0.3254,0.0628,-0.0172,1.2025,1
-10.0551,-1.5907,8.9068,11.6581,4.8309,1
-4.0276,6.1958,5.2885,4.5535,4.2654,1
-2.8273,4.3222,8.4394,11.3763,-1.4874,1
-9.2145,-2.8793,0.2252,14.7889,0.3053,1
-1.4304,-3.0355,-15.3494,-4.4401,2.1727,1
6.214,5.6242,3.2013,-15.1093,1.3789,1
-0.4574,7.5192,-1.4192,2.4117,1.1005,1
0.4373,-4.9454,4.7625,2.567,-3.6578,1
-1.1624,-5.8557,9.62,8.1787,-2.9895,1
-10.7478,3.4792,11.3119,13.7202,1.9342,1
7.0518,5.2704,3.1467,-10.521,1.3004,1
2.7374,-1.7724,-6.4686,-0.8195,-4.0782,1
-8.5742,-3.0606,3.5057,14.8641,2.7558,1
-14.3799,5.7383,9.1065,19.7951,5.6627,1
-4.739,6.3682,-4.7492,-0.6301,7.3353,1
-1.8781,-1.1197,1.5294,-1.0549,2.2851,1
11.7656,0.8508,-3.4672,-16.006,-1.9356,1
0.3629,-4.7182,-4.0922,-3.0344,0.5519,1
8.4545,-5.0573,15.8137,-11.4374,-4.2049,1
-5.8108,-9.8112,15.1148,14.2688,-3.1796,1
4.2115,-4.9911,-5.1461,-8.4055,-1.602,1
2.7019,-7.4886,6.3177,0.2708,-4.7601,1
0.6024,4.7613,-14.4414,-8.2111,4.8821,1
-8.4121,-0.2687,-8.074,18.3948,-0.4184,1
-2.421,2.644,2.4267,-1.1238,4.5496,1
5.6702,1.8082,8.2719,-7.1217,-1.9927,1
-5.101,9.0121,1.179,3.8126,4.9036,1
-0.4293,2.3568,10.4637,3.5576,-1.0041,1
4.8367,0.6577,4.8317,-8.3802,1.3862,1
-0.5594,1.6272,-8.5186,-3.3474,3.0353,1
-2.5544,2.4366,-6.1503,-0.8049,2.4583,1
-8.4947,2.9284,8.2057,12.7918,4.8908,1
-2.9981,-6.4301,-10.3808,9.092,-1.7987,1
0.6686,0.8481,-0.5928,1.5738,-0.8018,1
4.729,-3.1358,4.596,-8.6951,-2.2855,1
-11.7642,-10.7753,-3.8288,15.5942,1.2316,1
-6.4528,-10.3286,2.6325,10.228,-1.1423,1
6.0719,-5.5177,-1.7046,-4.7276,-6.2963,1
0.7879,-3.9135,-3.9427,-8.3704,-0.1339,1
5.9696,11.3087,0.1288,-11.3552,2.9973,1
-4.1597,-0.7515,-7.2445,-2.5365,4.343,1
7.0417,-4.9884,-1.9964,-8.2415,-2.0012,1
-7.8177,-1.1748,-2.3944,16.544,1.5173,1
4.9025,4.4116,-0.4837,-0.8029,-1.0301,1
-0.9837,3.575,1.7639,0.0539,1.2295,1
-3.711,-3.2946,-8.6236,-0.7875,4.0557,1
-3.7237,1.5342,7.0738,-6.7365,7.051,1
-0.1048,-1.2123,4.5917,8.7362,-1.7955,1
-3.9204,-1.8215,-12.138,7.922,1.0232,1
13.9637,-2.1456,0.5778,-18.9163,-4.3186,1
-3.7713,-13.6111,-9.1114,0.673,0.312,1
-1.1256,2.5422,6.7348,9.0562,-2.0337,1
-5.4639,0.8403,7.8192,11.3917,2.0873,1
-2.4767,-3.4809,4.5047,12.407,-2.2226,1
0.5705,0.7774,-0.5541,1.4839,-0.6761,1
-4.9355,-0.2765,8.7983,4.6699,5.6314,1
-9.8992,-14.3083,4.69,9.8881,0.7587,1
1.2528,9.4593,15.5641,-0.5727,0.9847,1
4.0862,2.9382,2.8208,-12.3583,1.2153,1
2.9191,-8.7421,9.4871,-0.824,-4.3391,1
-2.4849,-2.0111,-3.0864,-1.4954,2.5601,1
3.586,-3.4128,8.196,1.8296,-7.0962,1
1.1237,10.9089,-3.854,-9.4861,4.8409,1
-11.0932,-9.694,5.7307,23.1645,-2.4915,1
-5.8417,-1.7129,0.6747,14.6206,-0.8979,1
-6.2974,-4.3344,14.6055,9.2164,-1.7391,1
-20.8654,4.9783,2.3278,27.4623,9.3707,1
-0.6566,-0.1063,-0.0709,0.361,0.8951,1
-4.4445,5.9231,4.0795,13.5986,1.6296,1
1.3638,6.6012,13.9613,1.9352,1.1337,1
0.1342,6.2518,3.8305,1.4181,-0.0161,1
2.653,4.3978,4.8978,-6.6182,-0.2408,1
3.3793,-3.5266,10.7119,0.7155,-3.8839,1
4.7876,-0.183,-0.0759,-11.9311,-1.7554,1
8.5423,-1.011,7.2564,-10.4965,-1.5559,1
1.7078,-2.5234,2.9605,-2.8667,-3.8219,1
-7.7393,-5.3906,4.6485,10.9188,0.9542,1
-8.7871,-6.4253,1.2729,19.5,-2.717,1
0.1238,0.8273,-0.5397,1.2479,-1.0109,1
0.3577,-2.9546,10.074,2.8109,-3.7608,1
-6.7302,-3.0847,-17.5442,5.9479,1.9031,1
2.7263,2.8824,7.2102,-6.597,-0.2381,1
-3.3093,1.3204,7.386,0.9573,3.2411,1
5.097,4.8232,5.1195,-6.2841,-1.37,1
4.1228,6.6702,-7.7173,0.4817,-3.8243,1
-1.6037,5.8072,11.8237,2.7189,1.0493,1
2.692,-4.9638,-0.2122,1.6559,-4.3727,1
-2.6864,-9.313,11.6138,7.0004,-2.2217,1
14.6214,1.6065,-1.968,-21.6079,-2.3155,1
5.5442,-0.9191,-3.5963,-17.3391,3.4633,1
8.7891,-4.8174,-14.2964,-19.9713,-0.307,1
-10.2956,-0.9742,5.8389,23.4001,-0.6661,1
-5.7222,4.6545,6.9145,10.0958,2.5918,1
9.584,6.0604,-6.5357,-14.8423,0.7003,1
-3.241,2.2904,-4.0329,1.054,-0.0312,1
3.2384,-8.8251,-17.0887,-10.9069,-1.2772,1
-1.6868,9.8083,17.6596,3.5214,0.771,1
-1.8225,8.2201,-8.1754,0.3916,1.0387,1
-0.8984,4.4888,5.5033,-5.6614,3.4022,1
8.1974,-8.1735,-14.6802,-15.5077,-2.2534,1
4.221,2.6294,9.1071,-3.3946,-2.6296,1
-6.3472,1.5745,11.4031,11.7883,-0.5484,1
7.1754,-9.3649,-0.5919,-2.984,-8.2178,1
5.7251,1.5802,-6.4281,-20.5816,5.0649,1
-4.271,-1.172,-10.0768,5.626,0.9466,1
-7.2237,-8.4716,4.0416,8.2776,1.6963,1
8.2964,-0.561,-0.5695,-20.4661,-0.7858,1
-4.6692,4.5034,6.8086,2.0314,3.0637,1
-6.9073,-5.8065,4.7711,7.8765,-0.6064,1
-1.0984,-0.4245,0.103,-0.0433,1.4607,1
-14.3403,-3.1612,7.8254,23.7751,2.5104,1
-5.0381,2.3357,-2.5294,-2.5773,5.856,1
0.1891,2.4816,5.6455,-7.8054,3.9681,1
2.7523,4.4135,9.0189,-8.4681,0.8451,1
-3.0274,-0.7249,4.4185,2.6024,2.7391,1
7.9365,3.3285,0.315,-13.418,-1.2696,1
-4.0214,-9.28,-2.049,6.8561,-1.4515,1
-2.8704,3.3528,7.3325,7.4222,-0.8958,1
-5.2014,5.6214,9.2822,6.9384,3.3714,1
0.1608,-3.2005,-3.273,0.1795,-0.9331,1
-6.3878,-6.9585,8.9436,8.0101,-0.5731,1
7.023,3.4259,4.2369,-8.5913,-2.4013,1
-9.5832,-4.7169,-4.4766,16.2368,3.8914,1
8.0575,12.3024,4.4138,-17.12,1.3622,1
-9.3137,-7.5202,8.1766,19.6094,-0.77,1
-3.9293,1.3983,7.7848,3.7965,2.1066,1
-2.3027,2.2543,-1.0699,8.1247,-0.664,1
-5.2277,2.6242,12.8177,7.6768,0.6451,0
7.377,-8.8247,4.9207,-7.8778,-3.7093,0
10.2296,4.6643,-9.9185,-20.8386,0.3835,0
-2.815,4.5986,2.0584,-0.5717,2.6076,0
-9.8439,-0.0617,-4.962,2.1677,6.1107,0
3.1814,-1.5292,-16.3115,-10.1915,0.3485,0
3.6697,1.0225,3.3901,2.7424,-3.5167,0
-2.5016,-1.5205,6.8438,8.4606,-1.4049,0
-4.7204,7.2568,5.496,7.7499,2.0962,0
4.2047,3.1252,16.9828,-6.8422,-0.3776,0
-2.5708,1.7164,-10.8006,-0.0768,2.3526,0
1.6149,5.4381,-2.1772,-0.0159,0.3594,0
-4.1886,-3.3552,5.8873,12.275,-2.5873,0
-4.0755,0.3058,7.0793,4.7801,2.6001,0
-10.7692,5.1132,6.308,18.745,3.996,0
8.9769,-3.9857,-13.0652,-18.2395,-0.8167,0
8.6345,0.0874,-3.6776,-12.0691,-1.0316,0
7.6603,6.3194,-0.7624,-13.4722,-0.9243,0
-14.4379,6.7095,8.4438,16.922,4.9698,0
5.3812,-0.6501,3.4748,-10.0867,-1.2737,0
-10.1711,5.6571,-4.86,14.1979,5.4283,0
6.9697,5.271,-3.0597,-13.4248,1.522,0
-11.9244,-2.442,10.5018,19.4683,1.3434,0
-0.4805,6.5574,-1.493,1.3652,2.516,0
-5.729,-4.6402,8.9868,16.262,-2.592,0
-1.0051,0.0142,-0.0951,0.2148,0.4346,0
-4.691,2.5249,3.1906,10.1873,1.1524,0
0.8924,-4.0797,-0.9551,-1.5613,-0.9289,0
11.3136,12.4425,7.9384,-21.0979,0.9374,0
0.2422,-8.948,8.8532,7.1843,-3.9873,0
0.1567,8.2205,6.5266,1.7291,-1.9806,0
6.4007,0.6084,-0.7847,-3.1299,-3.5933,0
8.6864,-9.9893,-10.8458,-19.02,0.5669,0
-2.1366,-2.7989,-3.452,4.0348,-2.4852,0
4.7658,-1.8023,10.7686,-1.4515,-5.689,0
6.0561,0.5155,15.6692,-6.3722,-1.9492,0
5.8384,-0.3661,-7.3694,-11.4394,0.5251,0
0.64,6.2651,20.9542,5.6109,0.1776,0
-9.7066,0.4998,12.0611,12.1682,2.0471,0
-6.1289,-3.1162,3.0913,10.4672,-1.3066,0
3.9861,-6.2888,5.7491,-9.1492,-1.4916,0
3.4017,-6.6667,-1.4345,-6.0565,0.6654,0
0.6027,-2.7759,13.8957,4.8297,-2.3304,0
8.3386,3.2802,-3.434,-12.0139,-3.9347,0
-8.2574,-5.8233,3.0634,14.0038,1.1093,0
7.2511,4.3729,3.9565,-11.4463,-3.0469,0
4.7087,-0.0018,1.4577,-7.9384,0.8593,0
-1.5048,-2.3272,-1.4265,0.3741,2.4698,0
-1.8905,3.9518,-5.3695,3.0353,1.8689,0
0.1195,-1.8056,-5.95,3.1747,-3.1743,0
10.4404,-1.9885,6.7335,-14.1258,-4.5511,0
-0.1191,0.4665,-0.3633,0.9392,-0.2465,0
-16.9782,-2.2544,-1.3031,21.601,6.4565,0
-0.7538,-4.0462,-1.9296,9.5918,-2.5195,0
-11.1208,-3.4818,9.7858,15.0362,2.0279,0
-12.5293,-3.6988,5.827,12.7219,6.3708,0
-9.2081,9.0702,-3.0283,10.1256,7.1448,0
-1.026,6.1487,-2.9886,8.4681,-2.1918,0
2.8327,-5.1491,-3.5562,-0.4265,0.3398,0
1.0441,-6.8229,-12.4242,-6.4778,-0.2587,0
-1.6801,1.4623,0.7505,4.563,2.8605,0
-3.1784,-0.431,-1.7816,2.0197,0.7838,0
3.3217,-1.7167,-9.2243,-11.3628,-1.1135,0
-2.1792,-0.9528,12.3761,-1.7462,0.2957,0
-10.3616,-3.669,2.8821,16.3967,3.1659,0
-1.812,4.4994,2.7915,0.2855,4.3636,0
12.1429,-0.2296,4.3198,-16.9767,-4.5292,0
4.2097,-1.9193,1.2159,-6.8881,-1.1224,0
6.6144,3.9057,10.6743,-3.8068,-2.9258,0
3.9532,9.3373,1.2727,-4.9009,-0.0457,0
7.8778,-0.376,1.1182,-19.705,2.7611,0
1.314,-11.7119,-8.1661,2.9822,-6.817,0
7.8454,-1.5373,-10.1144,-9.7132,-3.5012,0
-2.4404,-3.0804,-14.2459,-3.8891,1.4466,0
15.9927,-0.5919,-14.2815,-27.5206,-4.8021,0
7.6414,-6.0592,-0.9616,-14.9229,-3.7956,0
3.3892,-4.0845,2.3764,-2.7808,-1.2696,0
-0.283,7.653,10.6993,-1.874,3.6836,0
10.5537,1.0961,1.2288,-15.5199,-4.8925,0
2.2466,-3.6238,3.504,-7.8104,-0.1687,0
-9.1317,-2.5685,9.1289,17.0967,-0.5416,0
-2.0136,3.7131,-7.9276,-0.7183,4.4616,0
2.6724,-7.0395,-5.1527,-4.149,-0.9552,0
4.9666,1.2881,-8.4873,-11.7408,0.6414,0
11.4531,-1.1022,-5.624,-15.9041,-4.5962,0
-4.8352,7.0073,-15.0143,4.9014,6.6045,0
6.8118,-5.5797,-2.2498,-7.4905,-3.3078,0
6.0894,7.1893,-0.2076,-3.4513,-0.7065,0
-0.3029,-4.838,2.979,-2.8974,2.202,0
-2.7418,-7.3617,3.145,6.3453,-1.5565,0
-1.9099,5.3655,2.8523,-3.6469,4.3749,0
-2.5811,-1.0935,-13.8438,8.4747,-0.6608,0
3.6597,-2.3589,-7.2277,-7.1467,-2.0317,0
4.8477,-0.271,-1.4918,-6.7818,-1.7023,0
8.4476,7.3515,-13.4074,-21.0049,-0.1173,0
-1.3294,5.1656,20.1004,6.1056,-1.9925,0
-9.2299,-9.8787,2.4609,18.2151,-0.6026,0
5.2029,-2.0651,-2.6215,-5.6513,-3.3541,0
11.2938,4.8192,5.1777,-12.6717,-4.7821,0
1.6322,6.1674,6.9283,-2.6073,-0.4204,0
2.8049,0.8181,-7.0043,-0.275,-3.716,0
-4.3309,1.7915,7.3073,2.0641,2.4584,0
5.0198,-1.0149,-5.5762,-10.5067,0.1872,0
4.3459,-3.5024,-1.7619,-2.96,-3.5706,0
3.7631,-2.3455,-1.8592,0.8708,-7.1065,0
1.6768,1.4325,3.8242,1.7356,-4.2147,0
-0.8711,-3.9328,-10.398,-1.8328,0.4506,0
1.7226,1.5207,-16.8534,-6.437,1.0643,0
-3.1163,9.9621,-4.7988,-0.1508,3.3598,0
1.843,2.9392,-9.3986,-10.0826,3.6895,0
6.568,-3.8812,-17.1453,-12.7369,-1.0552,0
7.4279,2.174,-8.365,-8.8528,-3.6769,0
-12.5143,-6.3119,12.9437,20.711,-2.4637,0
1.292,-3.5258,-20.46,-4.9292,-0.3648,0
4.7239,5.5588,-1.9248,-8.578,1.45,0
8.8463,-3.6692,1.827,-17.1833,-1.4282,0
-0.8174,8.1099,-1.1368,-1.8248,2.5138,0
-2.4476,0.0772,-15.3631,-4.4325,2.71,0
-1.9549,-9.6373,9.4755,3.8832,-1.7434,0
9.7521,8.0588,-8.7865,-17.5216,1.5627,0
6.8841,1.7159,-1.0428,-8.3708,-2.6177,0
-8.2098,3.6955,10.934,14.7764,1.867,0
0.9293,2.3663,21.6232,2.0258,-1.9405,0
2.7615,-1.861,-5.5209,-6.715,-2.4912,0
-9.4684,-1.2459,1.0878,13.6025,-0.3762,0
3.9644,-5.819,5.6674,-2.8563,-3.8965,0
-7.4484,-2.4747,11.166,12.0058,1.8392,0
-5.3396,5.2236,3.9945,8.5493,1.29,0
6.1883,-0.3639,-0.3729,-9.0459,-1.624,0
-5.1931,-1.4585,6.2713,11.6998,-2.0719,0
-2.8939,-2.2298,-3.4674,10.033,0.4962,0
1.2595,3.8971,-1.8152,-12.9255,2.9066,0
-0.1336,-8.3061,2.1478,-3.8969,1.3118,0
-1.0688,12.1326,5.8042,3.8124,2.1724,0
6.2876,-6.0921,1.7861,-8.077,-2.6376,0
-14.5485,-3.0761,11.4294,20.5553,4.4323,0
-4.3475,-1.1872,-10.9323,0.2141,1.8305,0
-4.8956,-6.2964,-6.2194,10.0521,-2.0309,0
-5.2672,-0.1861,-6.5879,13.4027,-2.9572,0
-3.6393,-4.8573,-2.9545,-1.2295,1.4071,0
-2.747,-5.3436,8.7961,-0.8063,2.2172,0
-4.8793,-3.44,-16.8359,-0.3137,6.4595,0
-3.4391,-10.5063,-3.7135,2.4596,2.2433,0
-8.4714,5.0275,6.9624,11.7452,3.291,0
6.5966,1.1906,-13.2594,-16.4761,-0.0137,0
-2.9213,-6.1132,25.1647,12.1657,-4.5312,0
-8.7846,-3.7969,6.6481,12.1635,1.1114,0
-1.9305,-1.6019,0.852,7.8817,-4.0702,0
6.8916,3.0832,3.6782,-6.2681,-2.8349,0
0.4717,1.0021,-3.5332,2.05,-0.9182,0
12.3465,-1.2732,-3.7817,-19.2434,-4.1349,0
13.0719,-4.486,10.5243,-11.7617,-9.3949,0
-1.2052,-0.8976,14.2954,3.5746,0.4378,0
-5.3192,5.1277,-13.2691,-3.041,9.681,0
6.4048,-0.9636,1.7315,-6.6025,-1.4748,0
0.7293,5.5403,10.7852,-1.0529,-0.9418,0
-5.8468,1.7194,16.1037,10.3161,-0.1872,0
0.2516,13.4131,-7.2091,1.0856,4.1917,0
-8.9832,-0.7541,12.0754,15.5547,3.4146,0
-0.7864,-0.852,-10.5836,0.1323,0.5165,0
-15.2375,-5.5269,0.0045,25.0749,-0.2259,0
-0.507,3.0309,-16.1842,-6.0575,4.6736,0
0.621,5.1639,-12.2518,-0.2508,-0.1845,0
-0.3646,0.2898,-0.2666,0.7146,0.0678,0
9.2195,-4.2511,-11.5996,-15.7289,-2.5511,0
4.2673,-3.1488,-0.3329,-5.8664,-1.08,0
-2.217,-3.8598,-1.9661,3.5908,-0.4186,0
8.3028,-4.0789,-5.2718,-4.0403,-5.2019,0
-3.4964,4.7746,-8.5681,-9.7744,9.1455,0
-0.6615,0.2616,-0.2304,0.5292,-0.0054,0
0.7378,-1.6408,14.7683,11.2014,-7.2601,0
-4.3272,-0.2231,-6.661,11.4837,-0.391,0
-0.7061,-4.8061,-4.5999,-5.2324,1.0377,0
-1.1991,6.5388,-7.4508,-0.5094,0.9862,0
7.5857,1.757,1.8629,-11.1595,-1.4396,0
-6.5421,-1.3549,1.1639,13.3839,-0.572,0
9.741,3.1807,-4.7333,-14.17,-1.7939,0
-3.3695,5.0714,-8.1495,-3.9776,6.2457,0
-4.7585,-2.5128,4.9059,7.9223,-2.1058,0
6.6535,6.6547,16.7988,-7.9318,-3.4195,0
6.2746,-0.9992,-4.3219,-6.9762,-2.2221,0
4.583,-10.4861,5.2062,4.6637,-7.1294,0
-10.1726,-6.6671,-1.2569,19.4553,0.0673,0
-2.9128,0.8139,5.6761,2.4264,3.066,0
-1.5406,3.9351,21.236,7.6611,-3.2307,0
7.6626,3.5587,-2.5525,-10.1262,-2.374,0
1.6676,-4.0295,3.3223,-6.5143,1.525,0
-6.2242,-4.0161,11.8727,9.9955,-0.8209,0
-3.2077,7.8054,13.111,7.4622,0.617,0
-4.3934,-2.9684,10.2732,4.0813,1.0632,0
-2.0287,-9.0338,-16.0267,1.9032,-0.4955,0
0.4338,-7.7492,0.3578,1.6852,-6.0462,0
-0.345,17.2583,6.5671,-1.6788,4.9156,0
-13.0098,-2.9958,10.859,22.7333,0.3831,0
-4.2003,-0.0707,8.8349,7.8617,0.8321,0
-2.7803,5.3436,0.8283,1.3254,1.7372,0
12.5717,4.0625,-2.1996,-23.0312,-0.8929,0
-18.621,-6.3191,6.7075,20.8896,5.7588,0
-2.9955,6.8554,14.1732,7.3253,1.5931,0
-3.513,6.5416,-6.9184,-0.153,3.7631,0
-3.609,0.1786,-1.1134,1.2011,2.2917,0
5.5792,-5.7597,-7.7496,-4.6381,-5.3898,0
3.9514,5.593,6.5273,1.5771,-3.3463,0
-6.0316,9.3823,2.2649,14.1774,2.0985,0
7.7191,6.1894,-13.8597,-8.6191,-0.7176,0
-1.1471,4.3713,-11.3924,5.4794,1.9423,0
6.965,2.4731,-0.6958,-2.5845,-1.9252,0
-0.448,0.3535,-0.2876,0.6958,-0.1276,0
-4.0181,0.1022,-5.8103,0.9082,3.9127,0
3.4471,-5.24,11.9059,-1.2875,-4.735,0
-4.1814,-6.8417,-9.9179,7.2508,0.3239,0
6.6776,-2.5693,4.0154,-10.8325,-4.2377,0
4.8411,9.2548,4.684,-11.6213,1.172,0
6.248,1.3019,-7.6563,-11.1208,-0.2334,0
6.4951,-5.0815,-1.2247,-5.8241,-5.2828,0
0.2552,8.8495,-2.1048,2.8373,0.7311,0
1.8756,-3.7664,7.6259,7.3664,-3.539,0
3.0336,-0.6538,7.6367,1.885,-3.7401,0
-0.5903,-5.9643,-6.0893,-4.1797,-0.1111,0
4.9541,3.4711,12.5973,-8.4886,-1.9221,0
-7.653,1.0776,10.1221,11.7741,1.0893,0
12.6267,-2.9741,1.0383,-14.3607,-5.6092,0
9.4689,4.6598,11.5195,-8.5496,-3.5232,0
6.1774,-5.9191,-11.8303,-4.1198,-2.8888,0
4.498,1.3545,6.9972,-9.6457,-0.8003,0
-5.0584,-5.3958,1.5406,10.0427,-0.1095,0
1.7752,-2.115,-10.01,-9.9736,-0.5746,0
-2.2046,4.2888,-6.6518,-1.4932,1.9002,0
-5.8331,6.3611,-9.9796,0.5577,5.6055,0
-2.0346,-4.0578,2.0495,6.8182,-1.3542,0
-3.9404,6.103,2.5332,3.7763,1.3644,0
4.3995,2.4195,6.8592,-7.6367,-1.816,0
4.3384,2.578,-0.1903,-2.7612,-2.4202,0
-2.2377,-3.4564,-9.4237,-0.3067,2.7364,0
-14.1873,2.4583,-6.0792,14.4717,9.4198,0
0.0718,-8.9749,-18.2317,-2.4883,-1.6781,0
-1.6624,9.044,-9.4559,-5.6456,7.6439,0
-8.4979,-2.7449,9.9864,7.8915,1.9971,0
-7.8081,1.3102,10.4954,9.103,2.6439,0
1.2403,-4.8392,-8.9442,2.2778,-1.6802,0
-1.6976,-1.5063,-6.3446,0.1172,2.0668,0
0.4015,5.1957,-0.2256,2.642,-1.4473,0
5.4076,1.2174,3.1281,-10.1254,-0.0374,0
8.9409,0.1099,-4.3657,-9.7542,-4.0819,0
6.152,0.2061,0.3589,-4.1781,-3.3574,0
-6.9722,-7.1804,0.8744,11.8377,-0.7306,0
-1.8231,-4.6366,-6.5316,5.7564,0.8129,0
-0.8594,9.5613,-3.1252,1.5782,3.4995,0
-5.2819,-7.5413,-3.8192,5.4065,0.9088,0
11.1908,8.3834,4.7462,-17.1873,2.216,0